#{"t_start": 1780881161.8268893, "env_id": "None"}
r,l,t
-2877.5,201,2.511234
-2701.0,201,3.452062
-2489.0,201,4.277386
-2832.5,201,5.04003
-3335.5,201,5.682557
-2589.5,201,6.293101
-2971.0,201,6.879604
-1862.5,201,7.434975
-2468.0,201,7.985195
-2475.0,201,8.551791
-2577.5,201,9.100945
-2392.5,201,9.671789
-2513.0,201,10.233238
-2245.5,201,10.783401
-3084.5,201,11.372711
-2776.0,201,12.068777
-3067.0,201,12.695107
-2867.5,201,13.276918
-2503.5,201,13.858452
-2224.5,201,14.430864
-2252.5,201,15.10225
-2839.0,201,15.716796
-2411.5,201,16.313279
-2073.5,201,16.987385
-2869.5,201,17.564707
-2676.0,201,18.126879
-1891.5,201,18.765413
-1976.5,201,19.32403
-2616.5,201,19.862945
-2484.0,201,20.385976
-1624.0,201,20.925428
-2111.5,201,21.452578
-1564.5,201,22.034668
-2281.5,201,22.623697
-2180.5,201,23.220875
-1946.0,201,23.759977
-1604.0,201,24.337096
-1780.5,201,24.881134
-1586.0,201,25.413293
-2477.5,201,25.94566
-1180.0,201,26.477607
-2061.0,201,27.038105
-1918.5,201,27.592894
-1886.5,201,28.121856
-1980.5,201,28.653925
-1495.5,201,29.188475
-1853.5,201,29.72777
-1919.5,201,30.268892
-2533.5,201,30.807851
-2305.0,201,31.335904
-2509.5,201,31.868573
-1252.0,201,32.465319
-1168.5,201,33.026724
-1634.5,201,33.573689
-1355.5,201,34.125605
-1009.0,201,34.665209
-2124.5,201,35.200496
-1786.0,201,35.746334
-1712.5,201,36.290773
-1405.5,201,36.822651
-1160.5,201,37.370259
-1600.5,201,37.922949
-1198.5,201,38.453222
-1149.0,201,38.988144
-895.5,201,39.520822
-765.0,201,40.054843
-1283.5,201,40.576949
-619.0,201,41.119906
-1012.0,201,41.643488
-731.5,201,42.192385
-1032.5,201,42.777257
-320.0,201,43.329331
-1314.5,201,43.881151
-446.5,201,44.409382
-1075.0,201,44.945689
-582.5,201,45.486899
-746.0,201,46.013544
-1492.0,201,46.553598
-213.0,201,47.103912
-1081.0,201,47.624231
-70.0,201,48.194607
-1334.5,201,48.733666
-914.0,201,49.258848
-50.0,201,49.812601
-564.0,201,50.345631
944.5,201,50.878038
570.5,201,51.399207
-700.0,201,51.92926
-110.0,201,52.487612
-335.5,201,53.088895
-408.0,201,53.66135
-284.5,201,54.20762
387.0,201,54.752911
497.0,201,55.289756
626.0,201,55.840177
847.5,201,56.384292
-1046.5,201,56.919815
215.5,201,57.45931
200.0,201,58.005142
120.0,201,58.579952
326.5,201,59.127994
1166.0,201,59.658761
1743.5,201,60.195759
219.0,201,60.72696
367.0,201,61.254992
208.0,201,61.791537
885.5,201,62.312426
243.0,201,62.848078
1082.5,201,63.406323
1659.5,201,63.974132
43.5,201,64.507172
1375.5,201,65.062221
-333.5,201,65.591448
670.0,201,66.116743
1470.0,201,66.674062
322.5,201,67.211783
1382.5,201,67.748549
1418.5,201,68.279288
1746.5,201,68.843516
1419.0,201,69.380618
545.0,201,69.9334
1052.5,201,70.464766
100.5,201,70.998402
1587.0,201,71.51762
583.0,201,72.039027
1595.5,201,72.552905
1146.0,201,73.081733
209.0,201,73.614701
344.0,201,74.209327
1957.5,201,74.761048
19.5,201,75.292418
1654.5,201,75.837656
1323.0,201,76.365467
2001.5,201,76.906948
2091.5,201,77.446937
1267.5,201,77.976715
1122.0,201,78.523497
1582.0,201,79.112278
1937.0,201,79.692047
1746.0,201,80.275292
2636.5,201,80.849912
1899.0,201,81.379532
1268.0,201,81.899802
1215.0,201,82.418564
1472.0,201,82.961941
2532.5,201,83.51376
1692.0,201,84.064297
851.5,201,84.640578
2214.0,201,85.17667
1321.5,201,85.730179
2354.5,201,86.266461
1570.0,201,86.799518
2140.5,201,87.343183
674.5,201,87.940438
2472.5,201,88.481753
2369.0,201,88.997653
1290.5,201,89.548573
1545.5,201,90.096352
2694.5,201,90.609107
2819.0,201,91.130584
2199.5,201,91.650734
1784.0,201,92.195151
1817.0,201,92.725605
2205.0,201,93.244086
2315.5,201,93.813563
2284.5,201,94.352607
3559.5,201,94.947123
2257.0,201,95.490078
2131.0,201,96.038487
2909.0,201,96.570698
1563.5,201,97.113854
2517.0,201,97.64355
3111.5,201,98.186133
2077.0,201,98.711575
1012.0,201,99.224314
2083.5,201,99.812863
1747.0,201,100.366147
1765.0,201,100.88178
1482.5,201,101.397632
2376.0,201,101.94163
2237.0,201,102.467517
601.5,201,102.997836
2397.0,201,103.525544
2532.0,201,104.057905
2333.0,201,104.60306
2633.0,201,105.191122
5.5,201,105.738738
2497.5,201,106.260575
2798.5,201,106.807813
3023.0,201,107.356212
3510.0,201,107.926183
881.0,201,108.496542
1294.0,201,109.031879
1503.0,201,109.552849
2503.0,201,110.09612
1997.0,201,110.673485
1454.0,201,111.200211
1977.5,201,111.728854
1664.0,201,112.257382
2282.0,201,112.792682
899.5,201,113.333882
2893.0,201,113.87609
1873.5,201,114.412675
2725.0,201,114.948163
2995.0,201,115.528834
2310.0,201,116.092055
3092.0,201,116.636527
1769.5,201,117.167293
2526.0,201,117.699508
3542.5,201,118.264022
3276.0,201,118.804442
4023.5,201,119.307805
3517.5,201,119.850487
1971.0,201,120.398387
2845.5,201,120.96542
3155.0,201,121.496016
2777.0,201,122.036451
2085.5,201,122.550676
79.0,201,123.086007
1538.0,201,123.613714
2128.0,201,124.153495
4480.0,201,124.706727
3170.5,201,125.241848
1827.5,201,125.823676
4210.0,201,126.379416
1750.5,201,126.922517
1130.5,201,127.477499
2294.0,201,128.004565
3720.0,201,128.539941
1858.0,201,129.12019
2856.0,201,129.653846
2991.5,201,130.204557
4287.5,201,130.717982
3054.0,201,131.297226
2867.0,201,131.82313
1911.5,201,132.353959
1678.0,201,132.894221
3469.5,201,133.406722
2555.5,201,133.946048
1475.0,201,134.476837
2208.0,201,135.023045
3571.0,201,135.573764
3591.5,201,136.157314
2338.5,201,136.699535
2900.0,201,137.244993
3571.0,201,137.781935
2376.0,201,138.332592
3136.5,201,138.88158
3575.5,201,139.405888
4098.0,201,139.937737
1484.5,201,140.470617
3983.0,201,141.040013
3627.5,201,141.609882
1456.0,201,142.153829
3376.5,201,142.679868
3851.0,201,143.206015
2919.0,201,143.724413
2808.0,201,144.260578
2971.5,201,144.797502
2969.5,201,145.332715
2330.0,201,145.884423
2892.0,201,146.444187
2512.0,201,147.01337
2518.5,201,147.558338
2763.0,201,148.095231
2524.5,201,148.618989
2054.5,201,149.182806
2771.5,201,149.793168
2778.5,201,150.358768
1998.0,201,150.909558
3545.0,201,151.434214
3043.5,201,152.017557
4072.0,201,152.545075
3919.0,201,153.07623
1798.0,201,153.579597
3649.0,201,154.123344
4317.0,201,154.65076
3437.0,201,155.182026
3013.0,201,155.712717
3356.5,201,156.25597
2111.5,201,156.810143
4055.5,201,157.383278
3743.0,201,157.94716
2785.5,201,158.476182
2907.0,201,159.044203
4327.0,201,159.567114
3660.5,201,160.101544
3773.5,201,160.628215
3618.0,201,161.14959
3202.5,201,161.657866
2457.0,201,162.22965
4187.0,201,162.785761
3186.5,201,163.299714
3165.5,201,163.82262
2606.0,201,164.34232
2416.5,201,164.87923
2165.5,201,165.411384
2744.0,201,165.951095
2547.0,201,166.482993
4235.5,201,167.029547
3944.5,201,167.627872
1722.0,201,168.17696
1771.5,201,168.711065
3303.5,201,169.240714
3596.0,201,169.764268
3190.0,201,170.299629
2688.0,201,170.848643
3830.0,201,171.450596
2980.0,201,171.979386
4010.5,201,172.5431
3298.0,201,173.090077
3338.0,201,173.622675
3636.0,201,174.147605
3293.5,201,174.689466
3530.0,201,175.225943
2935.0,201,175.764443
4774.5,201,176.299933
3229.0,201,176.857877
3281.5,201,177.40292
2544.5,201,177.990051
4343.0,201,178.540326
4779.5,201,179.078623
3420.0,201,179.615851
2435.5,201,180.141112
3947.5,201,180.67366
3930.0,201,181.197581
2387.0,201,181.720934
4676.0,201,182.249688
3533.0,201,182.793182
3732.5,201,183.33868
3903.5,201,183.88166
3180.0,201,184.412687
3644.0,201,184.955823
2908.5,201,185.490415
5921.5,201,186.041889
4527.5,201,186.589114
2943.5,201,187.123492
3155.5,201,187.660211
3760.5,201,188.270825
2604.0,201,188.845073
4034.5,201,189.394944
3548.0,201,189.93078
3052.5,201,190.446416
2838.5,201,190.972158
3013.0,201,191.486928
4565.0,201,192.011078
4774.0,201,192.517084
3815.5,201,193.046164
2884.5,201,193.62179
3486.5,201,194.154488
4026.0,201,194.7142
3033.5,201,195.297297
3275.0,201,195.841438
5358.5,201,196.385666
5319.0,201,196.916986
3139.5,201,197.460804
3689.5,201,197.999228
3799.5,201,198.578768
3810.0,201,199.177132
3123.0,201,199.704683
4206.5,201,200.230767
3756.5,201,200.752758
3176.5,201,201.289239
2474.0,201,201.816144
5017.0,201,202.34591
4865.5,201,202.867652
2592.0,201,203.402982
3475.0,201,203.986141
4365.0,201,204.541682
3639.5,201,205.087456
2961.5,201,205.628923
3833.5,201,206.162832
4225.0,201,206.694634
3541.0,201,207.236989
1939.5,201,207.771309
4496.0,201,208.309062
4472.0,201,208.881271
2936.5,201,209.428167
4511.5,201,209.964509
2811.0,201,210.481003
3858.5,201,211.017212
4945.5,201,211.528262
4791.5,201,212.052772
3895.0,201,212.576872
4270.0,201,213.108992
3806.5,201,213.638389
2549.5,201,214.215738
2893.0,201,214.79749
4765.0,201,215.405393
3630.5,201,215.940665
4167.5,201,216.493076
2511.5,201,217.03389
4374.5,201,217.547881
5107.5,201,218.076063
5833.0,201,218.605452
3374.0,201,219.185721
3930.5,201,220.11578
4363.5,201,220.65142
5076.0,201,221.191363
3844.0,201,221.697548
3075.5,201,222.233144
3827.5,201,222.733425
3849.5,201,223.252753
3756.5,201,223.781193
2815.0,201,224.358076
5581.5,201,224.915776
4333.5,201,225.457915
4655.0,201,226.001686
3411.5,201,226.544097
3760.0,201,227.070717
3828.0,201,227.61463
4000.0,201,228.157565
4647.5,201,228.708444
3005.5,201,229.245645
5948.0,201,229.818879
4504.5,201,230.37413
4374.0,201,230.894357
3902.0,201,231.446938
4195.0,201,231.970008
4732.5,201,232.498614
4833.0,201,233.023924
2918.5,201,233.548496
4269.5,201,234.097025
3642.5,201,234.644727
4075.5,201,235.212564
2500.5,201,235.821442
3936.0,201,236.364032
3117.0,201,236.899821
3268.0,201,237.434304
4677.0,201,237.97988
3957.0,201,238.541544
3928.0,201,239.072985
5194.0,201,239.594563
2726.5,201,240.177581
5582.5,201,240.720933
5448.0,201,241.272714
3867.5,201,241.781683
3989.5,201,242.297096
3169.5,201,242.818653
5188.0,201,243.338849
5518.0,201,243.878256
5535.5,201,244.395693
4472.0,201,244.928314
4532.0,201,245.504051
4203.0,201,246.045294
4931.5,201,246.609996
4179.5,201,247.159864
4297.0,201,247.705281
5003.0,201,248.243235
4883.5,201,248.782201
4744.5,201,249.330886
4083.5,201,249.864377
4699.0,201,250.449497
4302.0,201,250.978123
3885.0,201,251.506541
4583.0,201,252.046884
5798.5,201,252.569307
4080.0,201,253.11805
3617.0,201,253.656739
4367.0,201,254.184212
2401.5,201,254.715264
3924.0,201,255.230199
3590.0,201,255.807273
3327.5,201,256.364103
4470.5,201,256.963737
3778.0,201,257.522527
4034.0,201,258.059826
3606.0,201,258.613454
3997.5,201,259.157026
2646.5,201,259.688531
3930.5,201,260.233673
4378.5,201,260.81276
4411.5,201,261.377836
4835.0,201,261.940903
3598.0,201,262.467791
4558.5,201,263.017062
4121.5,201,263.528694
4805.0,201,264.055726
3242.0,201,264.575168
3520.5,201,265.103125
3534.0,201,265.64272
3539.0,201,266.231889
4624.5,201,266.792473
3381.5,201,267.329056
4170.0,201,267.872014
3807.5,201,268.419376
4602.0,201,268.952776
3478.5,201,269.503754
3834.0,201,270.014178
3843.0,201,270.543993
4948.5,201,271.19265
4280.0,201,271.749721
3583.0,201,272.271195
5741.0,201,272.82296
4941.5,201,273.355762
5285.0,201,273.876251
5475.5,201,274.39317
5748.5,201,274.916761
5577.0,201,275.440235
4812.5,201,275.953375
3594.5,201,276.5354
3554.0,201,277.083757
4168.5,201,277.635875
3457.0,201,278.216842
3958.0,201,278.759522
3470.5,201,279.303678
3704.5,201,279.833283
3620.0,201,280.386471
4878.5,201,280.919295
3626.5,201,281.492324
2611.5,201,282.057595
5397.0,201,282.613015
4287.0,201,283.132996
4818.0,201,283.654018
4604.5,201,284.190676
3574.5,201,284.716576
4638.0,201,285.238217
4553.5,201,285.756939
3571.0,201,286.284424
4205.0,201,286.868766
4954.0,201,287.423559
4642.5,201,287.961372
4946.0,201,288.507054
5085.0,201,289.042695
4374.0,201,289.582485
3658.0,201,290.124293
3827.0,201,290.66065
4900.0,201,291.195965
3813.0,201,291.728966
4062.5,201,292.32386
4617.0,201,292.848887
4130.0,201,293.36714
4939.5,201,293.89923
5251.5,201,294.429634
4809.0,201,294.949635
4695.5,201,295.488754
3525.5,201,296.023628
4951.5,201,296.568066
4949.5,201,297.138568
4867.0,201,297.707567
3599.5,201,298.259312
4932.5,201,298.790991
3394.5,201,299.339941
4185.5,201,299.856938
5281.5,201,300.398762
4155.5,201,300.967772
3590.5,201,301.493733
3016.5,201,302.017732
5071.5,201,302.601778
3941.0,201,303.123674
4449.5,201,303.649854
4489.0,201,304.221217
3748.0,201,304.777854
3727.5,201,305.3336
4033.5,201,305.842211
4190.0,201,306.362049
3230.5,201,306.902643
4251.5,201,307.47709
4070.0,201,308.029022
3614.0,201,308.567803
2860.0,201,309.095755
3374.5,201,309.627407
4025.0,201,310.156535
3457.0,201,310.689653
3924.0,201,311.213751
4021.0,201,311.754228
3568.0,201,312.27356
3810.0,201,312.832788
3975.0,201,313.362647
3977.5,201,313.890421
3822.5,201,314.416926
3608.0,201,314.934054
4322.0,201,315.469061
4022.5,201,315.992043
4062.0,201,316.522569
3842.5,201,317.059289
3798.5,201,317.591527
3708.5,201,318.173347
3948.0,201,318.718857
3671.0,201,319.254143
3248.0,201,319.782518
3565.0,201,320.320295
4233.5,201,320.858723
3469.0,201,321.41337
3496.0,201,321.93308
3256.5,201,322.479699
5038.5,201,323.077659
3940.0,201,323.641529
3357.5,201,324.167957
3991.5,201,324.69022
3996.5,201,325.216999
3966.0,201,325.731165
3504.0,201,326.271362
3710.0,201,326.805488
3876.0,201,327.356251
3733.0,201,327.871382
3945.0,201,328.449211
3688.5,201,328.996304
3964.5,201,329.528842
3977.0,201,330.062482
3099.0,201,330.629677
3605.0,201,331.169969
3682.0,201,331.710535
3613.5,201,332.243704
2782.0,201,332.766948
3083.5,201,333.312169
3933.5,201,333.861901
3411.5,201,334.40382
3689.5,201,334.916095
3955.0,201,335.446463
2966.5,201,335.971309
3967.0,201,336.493574
3880.0,201,337.01213
3962.5,201,337.54528
3760.5,201,338.069297
3955.5,201,338.646387
4061.0,201,339.205759
3229.5,201,339.747904
3323.0,201,340.326132
4055.5,201,340.863321
3650.0,201,341.403556
3292.0,201,341.938906
3549.5,201,342.471205
3627.5,201,342.991502
3551.5,201,343.518678
4665.0,201,344.104701
4137.5,201,344.66554
4389.5,201,345.184719
4176.0,201,345.709321
4154.5,201,346.239688
3645.0,201,346.769193
3674.0,201,347.309022
3903.5,201,347.848294
3638.0,201,348.375898
3329.5,201,348.938679
3314.0,201,349.504907
4212.0,201,350.04218
3994.5,201,350.581548
4031.5,201,351.104898
3098.0,201,351.654851
4093.5,201,352.214871
3720.5,201,352.941112
3455.5,201,353.623545
3472.5,201,354.285739
3823.5,201,354.977739
4369.5,201,355.60473
3591.5,201,356.20659
2781.0,201,356.852989
2880.5,201,357.427531
4137.0,201,358.038062
3748.0,201,358.637039
4326.5,201,359.257984
3730.0,201,359.874745
3598.5,201,360.505888
3293.5,201,361.088563
3734.0,201,361.727812
3833.0,201,362.294799
4057.0,201,362.872838
2173.0,201,363.449533
4384.0,201,364.021628
3900.0,201,364.608945
4003.0,201,365.163419
3849.0,201,365.776968
3331.5,201,366.383085
3617.0,201,366.996698
3741.5,201,367.634862
4077.5,201,368.216838
4395.0,201,368.804489
3719.5,201,369.403424
4099.5,201,370.014769
4083.0,201,370.579256
4229.0,201,371.205495
4520.5,201,371.807485
3619.5,201,372.399785
3143.0,201,372.975519
3948.0,201,373.554605
4654.0,201,374.146621
2582.5,201,374.722029
3631.0,201,375.342495
3859.0,201,375.913627
4088.0,201,376.50013
3754.0,201,377.154486
3594.0,201,377.743203
3934.5,201,378.32332
3741.0,201,378.925391
3056.5,201,379.54229
3869.0,201,380.114779
3909.0,201,380.689341
4001.5,201,381.253803
3434.5,201,381.846493
3813.0,201,382.42698
3467.5,201,383.005044
3599.5,201,383.58896
3848.0,201,384.16456
4202.5,201,384.862622
2939.0,201,385.471311
4157.0,201,386.096123
3062.5,201,386.696923
3878.5,201,387.390276
3086.0,201,388.055464
3443.5,201,388.692543
4457.0,201,389.238655
3225.5,201,389.814554
3636.5,201,390.372043
3549.5,201,390.90752
3634.5,201,391.449466
4190.0,201,391.977027
3942.0,201,392.503435
3679.5,201,393.021652
3904.5,201,393.55469
3936.5,201,394.086204
3650.5,201,394.624474
3775.0,201,395.172877
3478.5,201,395.705618
3332.5,201,396.214444
3015.0,201,396.75099
4167.0,201,397.278251
4115.5,201,397.810358
2341.5,201,398.347919
4463.0,201,398.911279
3993.5,201,399.486163
4094.0,201,400.059339
4250.5,201,400.617359
3925.5,201,401.142746
3506.0,201,401.680187
3741.0,201,402.223545
2746.5,201,402.750093
4166.0,201,403.271981
3924.5,201,403.788958
3825.0,201,404.286374
3660.5,201,404.801186
4167.5,201,405.379946
3818.5,201,406.015363
3270.5,201,406.532277
4103.0,201,407.049694
3753.0,201,407.586403
4011.5,201,408.10636
4258.0,201,408.638634
3461.5,201,409.17984
4000.0,201,409.723598
4007.0,201,410.297456
3938.0,201,410.863117
4018.0,201,411.39331
3053.0,201,411.922806
4209.0,201,412.444654
3928.0,201,412.987685
4398.0,201,413.557513
2903.5,201,414.068992
3619.5,201,414.589977
4006.0,201,415.108735
3568.5,201,415.663094
4291.0,201,416.19236
2836.0,201,416.720425
4283.0,201,417.241155
3681.5,201,417.763188
3485.0,201,418.283006
3602.5,201,418.824231
3805.5,201,419.357391
3302.0,201,419.894529
4406.5,201,420.431985
3266.5,201,421.012394
3897.5,201,421.554293
3641.0,201,422.072549
3866.0,201,422.615539
3475.0,201,423.143548
3869.0,201,423.67552
3858.5,201,424.205422
3874.0,201,424.730685
3945.5,201,425.248469
3752.5,201,425.777405
3610.5,201,426.336943
3020.0,201,426.891323
2513.0,201,427.40799
3224.0,201,427.942411
3336.5,201,428.574795
3919.0,201,429.111096
3553.5,201,429.654731
3785.5,201,430.188543
4017.0,201,430.731156
4066.0,201,431.289111
3686.5,201,431.839488
3160.5,201,432.366872
3903.0,201,432.896907
3943.0,201,433.431447
3548.0,201,433.960687
4124.5,201,434.479323
3775.0,201,434.998541
4099.0,201,435.512943
4191.5,201,436.036755
3277.5,201,436.58713
4374.0,201,437.1159
3611.5,201,437.644502
4141.5,201,438.150498
3681.0,201,438.677161
3545.5,201,439.202691
4180.5,201,439.746866
4112.5,201,440.267056
4261.0,201,440.802574
4505.0,201,441.334196
3978.5,201,441.992344
3212.5,201,442.53663
3731.0,201,443.078903
3648.0,201,443.610806
3577.5,201,444.142538
3309.5,201,444.667673
3919.0,201,445.195243
4788.0,201,445.720179
3159.5,201,446.236747
4215.0,201,446.81638
3796.5,201,447.335435
4266.0,201,447.962115
3464.0,201,448.478255
3910.5,201,449.021774
4528.0,201,449.559132
3686.0,201,450.094468
3287.5,201,450.634684
4032.0,201,451.167636
3385.5,201,451.714631
3587.0,201,452.300593
3587.0,201,452.84116
4271.5,201,453.389102
4167.0,201,453.917002
3598.5,201,454.424037
2274.5,201,454.964161
4640.0,201,455.483296
3723.0,201,456.018167
4296.0,201,456.537156
3727.0,201,457.09422
4337.0,201,457.645024
4273.5,201,458.156204
3700.0,201,458.698468
3766.5,201,459.22497
3628.0,201,459.762697
3536.0,201,460.296875
2822.5,201,460.832214
4286.5,201,461.36894
3860.5,201,461.900968
3033.0,201,462.474325
2723.5,201,463.032056
3906.5,201,463.575953
3966.5,201,464.099655
4580.5,201,464.624528
3742.5,201,465.149595
3670.0,201,465.669229
3263.5,201,466.188008
3642.0,201,466.714411
3566.5,201,467.218274
3671.0,201,467.778116
4075.0,201,468.30285
3461.5,201,468.823847
3883.5,201,469.349461
4280.5,201,469.882044
3884.0,201,470.437896
3599.5,201,470.979753
4275.0,201,471.508721
3875.0,201,472.096311
3803.0,201,472.669152
3596.5,201,473.217041
4042.5,201,473.758609
3812.5,201,474.302181
3857.0,201,474.84406
3960.0,201,475.348398
3329.5,201,475.879867
4400.0,201,476.39689
4317.0,201,476.914656
4017.0,201,477.44541
3226.0,201,478.008123
3547.5,201,478.545075
3665.0,201,479.077044
3751.0,201,479.60197
3767.5,201,480.155356
3320.5,201,480.706077
4318.0,201,481.233064
4067.0,201,481.76068
4177.5,201,482.289029
3466.0,201,482.832474
3561.0,201,483.398221
3982.5,201,483.945889
3080.0,201,484.487324
3882.5,201,485.009742
4194.0,201,485.525431
4513.0,201,486.029098
3762.5,201,486.546676
3453.0,201,487.071637
3931.0,201,487.57052
4139.5,201,488.105157
4236.0,201,488.669312
4002.0,201,489.189834
4299.5,201,489.722277
2989.0,201,490.242256
3881.0,201,490.779803
3380.5,201,491.305854
3483.5,201,491.84138
4066.5,201,492.395953
3791.5,201,492.931638
3902.0,201,493.495881
3888.0,201,494.059097
3548.5,201,494.58738
4549.5,201,495.11676
3654.0,201,495.633871
4111.0,201,496.152282
4461.0,201,496.666483
3947.5,201,497.19259
3496.5,201,497.737774
3086.5,201,498.251836
4289.5,201,498.825745
4360.5,201,499.372144
4032.5,201,499.89686
4622.5,201,500.418588
4146.5,201,500.950918
3795.0,201,501.50481
3903.0,201,502.049376
3867.0,201,502.569307
3184.0,201,503.1028
4462.0,201,503.646679
3549.5,201,504.271963
4512.5,201,504.83045
3183.0,201,505.36698
4270.0,201,505.88566
3655.5,201,506.408339
4665.0,201,506.933867
4282.5,201,507.467126
3723.0,201,508.052641
4004.5,201,508.565058
3834.5,201,509.173999
3636.5,201,509.746203
3990.5,201,510.312716
3981.0,201,510.857972
4129.0,201,511.382052
4162.5,201,511.906255
3779.0,201,512.436956
4496.0,201,512.977687
3721.0,201,513.534412
3744.0,201,514.092174
4000.5,201,514.668051
3166.0,201,515.191512
3977.5,201,515.706958
3555.5,201,516.215222
4042.5,201,516.747961
4299.0,201,517.266523
3672.0,201,517.804817
4460.5,201,518.313576
3975.5,201,518.848166
4106.0,201,519.410423
4199.5,201,519.959201
3716.5,201,520.483945
4092.5,201,521.022038
4157.0,201,521.551328
3608.5,201,522.092331
3746.0,201,522.609522
4147.5,201,523.152713
3789.0,201,523.684167
3765.5,201,524.219749
4146.0,201,524.805806
4118.5,201,525.352552
3524.5,201,525.905935
3628.5,201,526.438013
4060.0,201,526.964337
4249.5,201,527.476804
3483.5,201,527.987251
3584.5,201,528.502467
3912.5,201,529.022169
3616.5,201,529.535845
4166.5,201,530.1157
3756.5,201,530.67219
4410.5,201,531.205861
3554.0,201,531.739726
3658.0,201,532.287185
3463.5,201,532.828843
3692.5,201,533.350767
4189.0,201,533.906095
3920.0,201,534.515777
3699.0,201,535.173533
3759.5,201,535.703838
3816.0,201,536.226946
3441.5,201,536.762555
3913.0,201,537.275694
4035.5,201,537.798203
3216.0,201,538.315982
4560.5,201,538.844734
3987.0,201,539.377631
4476.0,201,539.895617
3072.5,201,540.468791
4005.0,201,541.015824
4491.0,201,541.540708
4396.5,201,542.102242
4366.0,201,542.609331
4254.5,201,543.143886
3763.0,201,543.669438
3843.5,201,544.213784
4189.5,201,544.7801
3909.0,201,545.333591
3502.0,201,545.889067
3569.5,201,546.390909
4522.0,201,546.904712
3967.5,201,547.428771
3418.0,201,547.966235
3668.5,201,548.4896
4091.5,201,548.996036
3940.5,201,549.522024
3834.0,201,550.061995
3864.5,201,550.624417
3787.5,201,551.176687
3377.5,201,551.715104
3012.5,201,552.24606
4513.0,201,552.786501
4161.0,201,553.303305
3985.5,201,553.848214
3924.0,201,554.379194
3886.5,201,554.908285
4493.5,201,555.43484
2588.0,201,555.99841
4413.0,201,556.600943
4626.5,201,557.171377
3752.5,201,557.706378
3818.0,201,558.221285
4243.5,201,558.740736
4104.0,201,559.258938
4341.0,201,559.781562
4014.5,201,560.307286
3516.0,201,560.865459
4012.0,201,561.442428
4167.0,201,561.986724
3411.5,201,562.53076
4344.5,201,563.072446
3699.5,201,563.609067
4087.5,201,564.150844
4018.5,201,564.715089
3961.0,201,565.267684
3789.0,201,565.816399
3320.0,201,566.368881
3688.0,201,566.902661
3425.5,201,567.461404
4539.5,201,567.976166
4190.0,201,568.48192
4186.5,201,569.003468
3870.0,201,569.526191
3901.5,201,570.043404
3916.5,201,570.54382
3707.0,201,571.090522
3813.5,201,571.681284
3859.5,201,572.22006
3868.5,201,572.759204
3685.5,201,573.296296
4232.0,201,573.842086
3481.5,201,574.372024
4022.0,201,574.912009
3936.5,201,575.450322
3690.5,201,575.994017
3938.0,201,576.547518
3077.0,201,577.090248
4344.5,201,577.634833
4045.5,201,578.153424
4006.0,201,578.669787
3781.5,201,579.166575
4175.0,201,579.702181
4441.0,201,580.221737
3878.5,201,580.741357
4004.5,201,581.257974
4140.0,201,581.843117
4076.5,201,582.396071
4117.5,201,582.93343
3939.0,201,583.461853
4141.5,201,583.990953
3686.0,201,584.521233
4054.0,201,585.064164
4698.0,201,585.597595
3733.5,201,586.136929
4050.0,201,586.649392
4410.0,201,587.23071
3940.5,201,587.760684
4317.5,201,588.276026
4302.0,201,588.798434
4202.5,201,589.326849
3590.0,201,589.878356
4224.0,201,590.421547
4610.0,201,590.942277
4081.0,201,591.475523
3750.5,201,592.036239
4557.0,201,592.595773
4162.5,201,593.135444
3859.0,201,593.659166
3852.5,201,594.189798
4226.0,201,594.727126
3380.0,201,595.276245
3766.5,201,595.82557
4168.0,201,596.346216
3779.5,201,596.871007
4024.0,201,597.422309
3830.5,201,597.9752
4129.5,201,598.53235
4106.5,201,599.067325
3892.5,201,599.606656
4213.5,201,600.134952
3012.0,201,600.646264
4112.0,201,601.161593
3840.0,201,601.69388
4652.0,201,602.232008
3743.0,201,602.814759
3653.0,201,603.353281
3391.0,201,603.888305
3405.5,201,604.426974
4510.5,201,604.951552
4353.0,201,605.53105
3987.0,201,606.0887
3368.5,201,606.610582
4063.0,201,607.143499
3934.5,201,607.691786
4053.0,201,608.232086
3330.5,201,608.776965
3611.0,201,609.300743
4348.5,201,609.831117
3378.5,201,610.351724
3673.0,201,610.858894
4002.0,201,611.379298
2947.0,201,611.919311
3898.5,201,612.447755
3956.5,201,613.014176
4218.0,201,613.559766
4011.0,201,614.106633
3692.0,201,614.661421
4372.5,201,615.200922
4136.5,201,615.730254
4208.5,201,616.256701
3503.0,201,616.795183
3840.0,201,617.321815
3734.0,201,617.853215
3929.0,201,618.430572
3635.0,201,618.967664
3837.5,201,619.503464
4106.0,201,620.095217
4039.0,201,620.607852
4313.0,201,621.135996
3925.0,201,621.674226
4157.0,201,622.227501
3657.0,201,622.758442
4376.5,201,623.336032
4101.5,201,623.88147
2935.0,201,624.425293
3853.0,201,624.964145
3417.5,201,625.503358
3682.5,201,626.061447
4049.5,201,626.589836
4099.0,201,627.118582
3664.0,201,627.644985
3299.5,201,628.17215
3986.5,201,628.821636
3817.0,201,629.417308
4556.5,201,629.973661
3764.0,201,630.523229
4183.0,201,631.065059
3793.5,201,631.609726
4024.0,201,632.169141
3572.5,201,632.709404
4336.0,201,633.241552
3951.0,201,633.816753
3698.0,201,634.367184
3807.5,201,634.895357
3669.5,201,635.437264
3049.0,201,635.993516
3958.5,201,636.519994
3785.0,201,637.050413
2288.0,201,637.560093
3821.0,201,638.099549
4457.5,201,638.637626
3847.0,201,639.265165
4023.5,201,639.803377
3946.0,201,640.330345
3258.5,201,640.952237
3758.0,201,641.477443
4056.5,201,642.003321
3925.0,201,642.539088
4320.5,201,643.070522
3881.0,201,643.603965
4035.5,201,644.186821
4278.0,201,644.762797
3610.5,201,645.308065
3367.5,201,645.847757
3709.0,201,646.370697
4001.0,201,646.908807
4856.5,201,647.443648
4252.0,201,647.993741
3755.0,201,648.511341
4130.5,201,649.031245
3502.5,201,649.601511
3702.0,201,650.134722
4057.0,201,650.668
3742.5,201,651.177576
4345.0,201,651.69775
3854.0,201,652.249662
3788.5,201,652.824265
4125.0,201,653.360873
3852.5,201,653.886525
4259.5,201,654.451214
4180.5,201,655.021464
3570.0,201,655.553144
3611.5,201,656.111643
3685.5,201,656.64512
3826.0,201,657.185225
4026.5,201,657.723401
3637.5,201,658.281171
3261.0,201,658.820475
3826.0,201,659.352699
3543.0,201,659.930446
3661.0,201,660.465334
2698.0,201,661.000216
3844.5,201,661.528227
4272.0,201,662.052888
3665.5,201,662.627734
4088.5,201,663.199387
1923.5,201,663.742767
3671.5,201,664.287908
3883.5,201,664.86112
3742.0,201,665.419813
1965.0,201,665.941767
4625.5,201,666.486701
3892.5,201,667.040091
4238.5,201,667.558749
4232.0,201,668.075023
4355.0,201,668.580114
4384.0,201,669.101757
3313.5,201,669.610577
4079.5,201,670.183967
3663.0,201,670.706547
4061.0,201,671.208639
4127.0,201,671.740569
4004.5,201,672.268026
4181.5,201,672.804418
4087.5,201,673.338684
4224.0,201,673.866144
4029.5,201,674.40648
3364.5,201,674.949484
4414.5,201,675.5293
3324.5,201,676.115506
4383.5,201,676.641497
4293.0,201,677.177638
3741.5,201,677.69735
3825.5,201,678.225121
3765.5,201,678.754525
4048.5,201,679.268849
3734.5,201,679.791389
4097.0,201,680.360412
4202.5,201,680.91446
3298.5,201,681.447163
3847.0,201,681.973434
3747.0,201,682.504043
4196.0,201,683.071794
3768.5,201,683.636626
4231.5,201,684.173624
3949.0,201,684.698551
3821.5,201,685.231546
4249.5,201,685.812507
3099.0,201,686.386376
4105.5,201,686.938856
4224.0,201,687.471215
3808.5,201,688.002924
4348.0,201,688.522657
3731.5,201,689.044301
3682.5,201,689.572808
4096.5,201,690.096723
4126.0,201,690.654377
3762.0,201,691.251173
4309.0,201,691.770739
3741.0,201,692.308529
3672.0,201,692.829536
3329.0,201,693.377467
4350.5,201,693.926421
3669.5,201,694.458729
3709.5,201,694.997648
4167.0,201,695.53023
3883.0,201,696.125956
4071.0,201,696.667709
3938.5,201,697.207276
3825.0,201,697.754234
4270.0,201,698.2714
3979.0,201,698.796862
4061.5,201,699.333244
3940.5,201,699.842486
3524.5,201,700.390982
3664.5,201,700.89392
3719.5,201,701.469663
3850.5,201,702.013717
4309.5,201,702.532971
3413.5,201,703.052453
4012.0,201,703.586746
3881.5,201,704.170018
3681.0,201,704.700943
4172.5,201,705.228734
3647.0,201,705.774117
4091.5,201,706.351188
4366.5,201,706.898023
3710.5,201,707.451197
3715.5,201,707.983518
3780.5,201,708.523832
4250.5,201,709.038263
4083.0,201,709.555361
4335.0,201,710.086029
4313.5,201,710.610324
3524.5,201,711.144804
4569.5,201,711.702326
3936.0,201,712.259288
4191.5,201,712.77632
3971.0,201,713.277164
4297.5,201,713.803413
4814.0,201,714.343201
3533.5,201,714.884937
3710.5,201,715.427605
3808.0,201,715.970096
2715.0,201,716.516062
4636.0,201,717.117881
2983.0,201,717.644134
3879.5,201,718.188275
3527.0,201,718.705771
4569.5,201,719.223229
3902.5,201,719.74545
3946.0,201,720.269739
3632.0,201,720.789827
3888.5,201,721.345821
3388.0,201,721.8951
4171.5,201,722.448565
3735.0,201,722.980409
3961.5,201,723.504572
4274.5,201,724.02109
4284.5,201,724.573641
4323.0,201,725.13491
4057.5,201,725.672968
4130.5,201,726.210362
3319.0,201,726.748531
4394.5,201,727.33139
3746.0,201,727.874194
4082.0,201,728.411522
3965.5,201,728.941574
4062.5,201,729.466823
3796.0,201,730.001399
3245.5,201,730.51134
4797.5,201,731.037222
4040.5,201,731.559501
3583.0,201,732.073312
2607.0,201,732.643599
3924.0,201,733.16021
2560.0,201,733.700791
3551.0,201,734.243355
3208.5,201,734.758195
4221.5,201,735.293185
4242.0,201,735.829281
4175.0,201,736.378438
4399.0,201,736.907876
4422.5,201,737.468827
3893.5,201,738.032259
2894.0,201,738.562729
4495.5,201,739.105282
4480.0,201,739.62085
3135.0,201,740.146024
3498.5,201,740.668227
4087.5,201,741.19539
4074.0,201,741.743544
3498.0,201,742.257635
4006.0,201,742.812413
4494.0,201,743.356075
3868.0,201,743.879991
4032.5,201,744.420072
3959.0,201,744.966692
4416.5,201,745.495558
4007.0,201,746.064233
3946.0,201,746.644853
3456.0,201,747.200284
3165.0,201,747.760729
3959.0,201,748.329164
3472.5,201,748.856491
4113.5,201,749.365662
3787.0,201,749.894375
3991.0,201,750.427325
3589.5,201,750.990422
3824.0,201,751.504122
4198.5,201,752.026808
3747.5,201,752.564943
4215.5,201,753.155107
4431.5,201,753.738225
4231.5,201,754.289534
3464.5,201,754.797331
3792.5,201,755.3452
3650.5,201,755.880705
3983.5,201,756.417975
4409.0,201,756.96925
3967.5,201,757.500681
4190.5,201,758.05231
3878.0,201,758.624304
3962.5,201,759.157773
4013.5,201,759.689715
4022.0,201,760.19776
4139.0,201,760.713211
4719.0,201,761.235702
3521.0,201,761.759516
3477.5,201,762.293431
3804.5,201,762.79953
3780.0,201,763.376065
4665.0,201,763.908043
3555.5,201,764.449649
3898.5,201,764.99821
3842.0,201,765.537673
4027.0,201,766.096284
4021.5,201,766.697371
3562.5,201,767.243093
3834.5,201,767.765093
4041.0,201,768.295144
4234.0,201,768.902249
3633.5,201,769.435452
3638.0,201,769.963043
3506.5,201,770.480803
4110.5,201,771.010736
4011.0,201,771.548668
4134.0,201,772.06896
4072.5,201,772.58781
3447.5,201,773.116344
3882.5,201,773.63344
3699.5,201,774.214722
3978.0,201,774.74963
4051.0,201,775.295209
3652.0,201,775.829088
3785.0,201,776.370868
4171.0,201,776.902188
3836.5,201,777.442922
3995.5,201,777.980473
3881.5,201,778.499319
3436.5,201,779.092535
4280.0,201,779.64992
3739.0,201,780.182279
4182.5,201,780.695157
4023.5,201,781.221911
3625.0,201,781.741258
3053.5,201,782.275554
4235.5,201,782.805701
4001.0,201,783.346431
3729.5,201,783.86255
3422.0,201,784.426074
4464.0,201,784.976342
3142.0,201,785.511137
4676.0,201,786.048213
4103.5,201,786.575011
3979.0,201,787.1096
3889.5,201,787.680492
3173.0,201,788.249915
3775.5,201,788.777825
4090.0,201,789.348059
4409.5,201,789.889024
4107.0,201,790.417932
3804.5,201,790.937476
3557.5,201,791.469651
4650.0,201,791.994062
4591.5,201,792.535564
4100.5,201,793.062737
2878.5,201,793.579648
4198.5,201,794.108585
3693.5,201,794.66327
4045.0,201,795.232457
4240.0,201,795.770961
4156.0,201,796.310425
4104.0,201,796.842906
3899.5,201,797.378842
3445.5,201,797.927785
4231.0,201,798.468279
4097.5,201,799.005471
3961.0,201,799.539242
3771.0,201,800.110332
3121.5,201,800.64693
4099.5,201,801.18663
4108.5,201,801.724885
3423.5,201,802.273455
4199.5,201,802.794901
3434.0,201,803.316696
4059.0,201,803.839177
4579.0,201,804.336342
4302.5,201,804.916134
3897.5,201,805.479883
3843.5,201,806.013311
3519.5,201,806.551167
3801.5,201,807.083237
3849.0,201,807.635073
3131.5,201,808.2507
4144.0,201,808.785321
3886.5,201,809.327995
3742.5,201,809.838874
3682.5,201,810.405574
3495.5,201,810.948252
3494.0,201,811.479823
3643.5,201,812.005285
3329.0,201,812.537137
4243.5,201,813.068436
4134.5,201,813.586006
4180.0,201,814.105029
3483.0,201,814.60882
3025.0,201,815.200206
